sentence,word,string,reversed_sentence,mod_np,reversed_mod,disambiguating_word,non_adjective,original_logprob,reversed_logprob,ratio,n_params,mpath,revision,seed_name,seed,step
It was a desperate act.,act,act,It was an act desperate., desperate act, act desperate,desperate,False,-15.338981628417969,-22.270263671875,6.931282043457031,14067712,EleutherAI/pythia-14m,step111000,seed6,6,111000
It was a humane act.,act,act,It was an act humane., humane act, act humane,humane,False,-19.37993812561035,-23.359357833862305,3.979419708251953,14067712,EleutherAI/pythia-14m,step111000,seed6,6,111000
It was a magic act.,act,act,It was an act magic., magic act, act magic,magic,False,-18.68235969543457,-21.65478515625,2.9724254608154297,14067712,EleutherAI/pythia-14m,step111000,seed6,6,111000
He had a universal appeal.,appeal,appeal,He had an appeal universal., universal appeal, appeal universal,universal,False,-19.04404067993164,-20.317358016967773,1.2733173370361328,14067712,EleutherAI/pythia-14m,step111000,seed6,6,111000
He had an undefinable appeal.,appeal,appeal,He had an appeal undefinable., undefinable appeal, appeal undefinable,undefinable,False,-26.904050827026367,-27.94365119934082,1.0396003723144531,14067712,EleutherAI/pythia-14m,step111000,seed6,6,111000
He had a legal appeal.,appeal,appeal,He had an appeal legal., legal appeal, appeal legal,legal,False,-14.441727638244629,-17.307348251342773,2.8656206130981445,14067712,EleutherAI/pythia-14m,step111000,seed6,6,111000
It was a tense atmosphere.,atmosphere,atmosphere,It was an atmosphere tense., tense atmosphere, atmosphere tense,tense,False,-17.443397521972656,-21.194320678710938,3.7509231567382812,14067712,EleutherAI/pythia-14m,step111000,seed6,6,111000
It was a hostile atmosphere.,atmosphere,atmosphere,It was an atmosphere hostile., hostile atmosphere, atmosphere hostile,hostile,False,-17.3856201171875,-21.199447631835938,3.8138275146484375,14067712,EleutherAI/pythia-14m,step111000,seed6,6,111000
It was a gaseous atmosphere.,atmosphere,atmosphere,It was an atmosphere gaseous., gaseous atmosphere, atmosphere gaseous,gaseous,False,-17.612838745117188,-22.898910522460938,5.28607177734375,14067712,EleutherAI/pythia-14m,step111000,seed6,6,111000
It was a gold band.,band,band,It was a band gold., gold band, band gold,gold,True,-16.203872680664062,-19.998781204223633,3.7949085235595703,14067712,EleutherAI/pythia-14m,step111000,seed6,6,111000
It was a rubber band.,band,band,It was a band rubber., rubber band, band rubber,rubber,True,-15.43103313446045,-21.837160110473633,6.406126976013184,14067712,EleutherAI/pythia-14m,step111000,seed6,6,111000
It was a jazz band.,band,band,It was a band jazz., jazz band, band jazz,jazz,True,-13.594978332519531,-19.488039016723633,5.893060684204102,14067712,EleutherAI/pythia-14m,step111000,seed6,6,111000
There was a police barrier.,barrier,barrier,There was a barrier police., police barrier, barrier police,police,True,-17.33743667602539,-20.270904541015625,2.9334678649902344,14067712,EleutherAI/pythia-14m,step111000,seed6,6,111000
There was a concrete barrier.,barrier,barrier,There was a barrier concrete., concrete barrier, barrier concrete,concrete,False,-14.804384231567383,-20.277984619140625,5.473600387573242,14067712,EleutherAI/pythia-14m,step111000,seed6,6,111000
There was a language barrier.,barrier,barrier,There was a barrier language., language barrier, barrier language,language,True,-21.938777923583984,-22.087799072265625,0.14902114868164062,14067712,EleutherAI/pythia-14m,step111000,seed6,6,111000
He saw a furry bat.,bat,bat,He saw a bat furry., furry bat, bat furry,furry,False,-18.170169830322266,-21.826892852783203,3.6567230224609375,14067712,EleutherAI/pythia-14m,step111000,seed6,6,111000
He saw a fruit bat.,bat,bat,He saw a bat fruit., fruit bat, bat fruit,fruit,True,-18.925025939941406,-20.828514099121094,1.9034881591796875,14067712,EleutherAI/pythia-14m,step111000,seed6,6,111000
He saw a wooden bat.,bat,bat,He saw a bat wooden., wooden bat, bat wooden,wooden,False,-16.080608367919922,-21.622459411621094,5.541851043701172,14067712,EleutherAI/pythia-14m,step111000,seed6,6,111000
He saw the laser beam.,beam,beam,He saw the beam laser., laser beam, beam laser,laser,True,-13.991386413574219,-17.808629989624023,3.8172435760498047,14067712,EleutherAI/pythia-14m,step111000,seed6,6,111000
He saw the bright beam.,beam,beam,He saw the beam bright., bright beam, beam bright,bright,False,-16.34893226623535,-17.821813583374023,1.4728813171386719,14067712,EleutherAI/pythia-14m,step111000,seed6,6,111000
He saw the wood beam.,beam,beam,He saw the beam wood., wood beam, beam wood,wood,True,-17.34420394897461,-19.532262802124023,2.188058853149414,14067712,EleutherAI/pythia-14m,step111000,seed6,6,111000
She had a toy block.,block,block,She had a block toy., toy block, block toy,toy,True,-16.30385398864746,-19.184162139892578,2.880308151245117,14067712,EleutherAI/pythia-14m,step111000,seed6,6,111000
She had a wooden block.,block,block,She had a block wooden., wooden block, block wooden,wooden,False,-13.52336311340332,-20.739337921142578,7.215974807739258,14067712,EleutherAI/pythia-14m,step111000,seed6,6,111000
She had a mental block.,block,block,She had a block mental., mental block, block mental,mental,False,-14.810602188110352,-21.099689483642578,6.289087295532227,14067712,EleutherAI/pythia-14m,step111000,seed6,6,111000
He has coagulated blood.,blood,blood,He has blood coagulated., coagulated blood, blood coagulated,coagulated,True,-28.280183792114258,-26.77246856689453,-1.5077152252197266,14067712,EleutherAI/pythia-14m,step111000,seed6,6,111000
He has thin blood.,blood,blood,He has blood thin., thin blood, blood thin,thin,False,-18.526086807250977,-20.34166717529297,1.8155803680419922,14067712,EleutherAI/pythia-14m,step111000,seed6,6,111000
He has noble blood.,blood,blood,He has blood noble., noble blood, blood noble,noble,False,-19.288339614868164,-22.51110076904297,3.2227611541748047,14067712,EleutherAI/pythia-14m,step111000,seed6,6,111000
It was the ironing board.,board,board,It was the board ironing., ironing board, board ironing,ironing,False,-24.091068267822266,-25.935739517211914,1.8446712493896484,14067712,EleutherAI/pythia-14m,step111000,seed6,6,111000
It was the wooden board.,board,board,It was the board wooden., wooden board, board wooden,wooden,False,-15.912778854370117,-22.606948852539062,6.694169998168945,14067712,EleutherAI/pythia-14m,step111000,seed6,6,111000
It was the executive board.,board,board,It was the board executive., executive board, board executive,executive,True,-15.414667129516602,-18.051528930664062,2.636861801147461,14067712,EleutherAI/pythia-14m,step111000,seed6,6,111000
He had a best-selling book.,book,book,He had a book best-selling., best-selling book, book best-selling,best-selling,False,-13.758071899414062,-22.96894073486328,9.210868835449219,14067712,EleutherAI/pythia-14m,step111000,seed6,6,111000
He had a popular book.,book,book,He had a book popular., popular book, book popular,popular,False,-15.694628715515137,-19.542224884033203,3.8475961685180664,14067712,EleutherAI/pythia-14m,step111000,seed6,6,111000
He had a heavy book.,book,book,He had a book heavy., heavy book, book heavy,heavy,False,-17.155500411987305,-18.669422149658203,1.5139217376708984,14067712,EleutherAI/pythia-14m,step111000,seed6,6,111000
They ate a pancake breakfast.,breakfast,breakfast,They ate a breakfast pancake., pancake breakfast, breakfast pancake,pancake,True,-18.685190200805664,-17.692739486694336,-0.9924507141113281,14067712,EleutherAI/pythia-14m,step111000,seed6,6,111000
They ate a nutritious breakfast.,breakfast,breakfast,They ate a breakfast nutritious., nutritious breakfast, breakfast nutritious,nutritious,False,-18.387466430664062,-22.759172439575195,4.371706008911133,14067712,EleutherAI/pythia-14m,step111000,seed6,6,111000
They ate a family breakfast.,breakfast,breakfast,They ate a breakfast family., family breakfast, breakfast family,family,True,-11.975525856018066,-14.346702575683594,2.3711767196655273,14067712,EleutherAI/pythia-14m,step111000,seed6,6,111000
It was a red cape.,cape,cape,It was a cape red., red cape, cape red,red,False,-16.9982852935791,-21.74871063232422,4.750425338745117,14067712,EleutherAI/pythia-14m,step111000,seed6,6,111000
It was a flowing cape.,cape,cape,It was a cape flowing., flowing cape, cape flowing,flowing,False,-24.020627975463867,-24.16545867919922,0.14483070373535156,14067712,EleutherAI/pythia-14m,step111000,seed6,6,111000
It was a rocky cape.,cape,cape,It was a cape rocky., rocky cape, cape rocky,rocky,False,-24.39438819885254,-25.53215789794922,1.1377696990966797,14067712,EleutherAI/pythia-14m,step111000,seed6,6,111000
It was a beer case.,case,case,It was a case beer., beer case, case beer,beer,True,-18.379384994506836,-19.075435638427734,0.6960506439208984,14067712,EleutherAI/pythia-14m,step111000,seed6,6,111000
It was a display case.,case,case,It was a case display., display case, case display,display,True,-16.82356071472168,-18.421382904052734,1.5978221893310547,14067712,EleutherAI/pythia-14m,step111000,seed6,6,111000
It was a divorce case.,case,case,It was a case divorce., divorce case, case divorce,divorce,True,-12.054733276367188,-17.384029388427734,5.329296112060547,14067712,EleutherAI/pythia-14m,step111000,seed6,6,111000
It was a worthy cause.,cause,cause,It was a cause worthy., worthy cause, cause worthy,worthy,False,-15.649117469787598,-19.217731475830078,3.5686140060424805,14067712,EleutherAI/pythia-14m,step111000,seed6,6,111000
It was a political cause.,cause,cause,It was a cause political., political cause, cause political,political,False,-17.622461318969727,-20.332965850830078,2.7105045318603516,14067712,EleutherAI/pythia-14m,step111000,seed6,6,111000
It was a main cause.,cause,cause,It was a cause main., main cause, cause main,main,False,-15.548505783081055,-20.770709991455078,5.222204208374023,14067712,EleutherAI/pythia-14m,step111000,seed6,6,111000
It was a skin cell.,cell,cell,It was a cell skin., skin cell, cell skin,skin,True,-18.27873992919922,-17.698009490966797,-0.5807304382324219,14067712,EleutherAI/pythia-14m,step111000,seed6,6,111000
It was a brain cell.,cell,cell,It was a cell brain., brain cell, cell brain,brain,True,-15.77695083618164,-16.992687225341797,1.2157363891601562,14067712,EleutherAI/pythia-14m,step111000,seed6,6,111000
It was a prison cell.,cell,cell,It was a cell prison., prison cell, cell prison,prison,True,-15.739513397216797,-18.373302459716797,2.6337890625,14067712,EleutherAI/pythia-14m,step111000,seed6,6,111000
She had a devilish charm.,charm,charm,She had a charm devilish., devilish charm, charm devilish,devilish,False,-20.455188751220703,-27.844318389892578,7.389129638671875,14067712,EleutherAI/pythia-14m,step111000,seed6,6,111000
She had a natural charm.,charm,charm,She had a charm natural., natural charm, charm natural,natural,False,-16.02752685546875,-21.88174057006836,5.854213714599609,14067712,EleutherAI/pythia-14m,step111000,seed6,6,111000
She had a gold charm.,charm,charm,She had a charm gold., gold charm, charm gold,gold,True,-18.217941284179688,-21.62368392944336,3.405742645263672,14067712,EleutherAI/pythia-14m,step111000,seed6,6,111000
They liked the juicy chicken.,chicken,chicken,They liked the chicken juicy., juicy chicken, chicken juicy,juicy,False,-23.421205520629883,-23.718013763427734,0.29680824279785156,14067712,EleutherAI/pythia-14m,step111000,seed6,6,111000
They liked the roasted chicken.,chicken,chicken,They liked the chicken roasted., roasted chicken, chicken roasted,roasted,False,-15.38330364227295,-18.36233901977539,2.9790353775024414,14067712,EleutherAI/pythia-14m,step111000,seed6,6,111000
They liked the clucking chicken.,chicken,chicken,They liked the chicken clucking., clucking chicken, chicken clucking,clucking,True,-23.449403762817383,-22.22270965576172,-1.226694107055664,14067712,EleutherAI/pythia-14m,step111000,seed6,6,111000
It was a perceptive class.,class,class,It was a class perceptive., perceptive class, class perceptive,perceptive,False,-19.276504516601562,-25.036170959472656,5.759666442871094,14067712,EleutherAI/pythia-14m,step111000,seed6,6,111000
It was a misbehaving class.,class,class,It was a class misbehaving., misbehaving class, class misbehaving,misbehaving,False,-22.821979522705078,-25.185997009277344,2.3640174865722656,14067712,EleutherAI/pythia-14m,step111000,seed6,6,111000
It was a boring class.,class,class,It was a class boring., boring class, class boring,boring,False,-17.134395599365234,-20.404865264892578,3.2704696655273438,14067712,EleutherAI/pythia-14m,step111000,seed6,6,111000
It was a film clip.,clip,clip,It was a clip film., film clip, clip film,film,True,-17.509296417236328,-17.667325973510742,0.15802955627441406,14067712,EleutherAI/pythia-14m,step111000,seed6,6,111000
It was a video clip.,clip,clip,It was a clip video., video clip, clip video,video,True,-15.044299125671387,-18.810392379760742,3.7660932540893555,14067712,EleutherAI/pythia-14m,step111000,seed6,6,111000
It was a hair clip.,clip,clip,It was a clip hair., hair clip, clip hair,hair,True,-17.71512222290039,-21.375577926635742,3.6604557037353516,14067712,EleutherAI/pythia-14m,step111000,seed6,6,111000
It was an icy cold.,cold,cold,It was an cold icy., icy cold, cold icy,icy,False,-13.774091720581055,-19.134445190429688,5.360353469848633,14067712,EleutherAI/pythia-14m,step111000,seed6,6,111000
It was a freezing cold.,cold,cold,It was a cold freezing., freezing cold, cold freezing,freezing,False,-14.345812797546387,-15.895408630371094,1.549595832824707,14067712,EleutherAI/pythia-14m,step111000,seed6,6,111000
It was a chest cold.,cold,cold,It was a cold chest., chest cold, cold chest,chest,False,-17.335296630859375,-15.272361755371094,-2.0629348754882812,14067712,EleutherAI/pythia-14m,step111000,seed6,6,111000
It was a gossip column.,column,column,It was a column gossip., gossip column, column gossip,gossip,True,-19.286407470703125,-20.656824111938477,1.3704166412353516,14067712,EleutherAI/pythia-14m,step111000,seed6,6,111000
It was a sports column.,column,column,It was a column sports., sports column, column sports,sports,True,-19.844905853271484,-21.175378799438477,1.3304729461669922,14067712,EleutherAI/pythia-14m,step111000,seed6,6,111000
It was a concrete column.,column,column,It was a column concrete., concrete column, column concrete,concrete,False,-17.339096069335938,-19.951990127563477,2.612894058227539,14067712,EleutherAI/pythia-14m,step111000,seed6,6,111000
He liked the investment company.,company,company,He liked the company investment., investment company, company investment,investment,True,-14.884775161743164,-18.119457244873047,3.234682083129883,14067712,EleutherAI/pythia-14m,step111000,seed6,6,111000
He liked the pharmaceutical company.,company,company,He liked the company pharmaceutical., pharmaceutical company, company pharmaceutical,pharmaceutical,False,-14.260366439819336,-19.852123260498047,5.591756820678711,14067712,EleutherAI/pythia-14m,step111000,seed6,6,111000
He liked the pleasant company.,company,company,He liked the company pleasant., pleasant company, company pleasant,pleasant,False,-19.361310958862305,-19.781322479248047,0.4200115203857422,14067712,EleutherAI/pythia-14m,step111000,seed6,6,111000
It was a waffle cone.,cone,cone,It was a cone waffle., waffle cone, cone waffle,waffle,True,-24.053749084472656,-27.557584762573242,3.503835678100586,14067712,EleutherAI/pythia-14m,step111000,seed6,6,111000
It was a sugar cone.,cone,cone,It was a cone sugar., sugar cone, cone sugar,sugar,True,-20.48549461364746,-23.508544921875,3.023050308227539,14067712,EleutherAI/pythia-14m,step111000,seed6,6,111000
It was an orange cone.,cone,cone,It was an cone orange., orange cone, cone orange,orange,False,-15.9342041015625,-22.938879013061523,7.004674911499023,14067712,EleutherAI/pythia-14m,step111000,seed6,6,111000
He made a charitable contribution.,contribution,contribution,He made a contribution charitable., charitable contribution, contribution charitable,charitable,False,-15.571878433227539,-23.949621200561523,8.377742767333984,14067712,EleutherAI/pythia-14m,step111000,seed6,6,111000
He made a voluntary contribution.,contribution,contribution,He made a contribution voluntary., voluntary contribution, contribution voluntary,voluntary,False,-16.203847885131836,-22.748695373535156,6.54484748840332,14067712,EleutherAI/pythia-14m,step111000,seed6,6,111000
He made a scholarly contribution.,contribution,contribution,He made a contribution scholarly., scholarly contribution, contribution scholarly,scholarly,False,-20.245269775390625,-23.988927841186523,3.7436580657958984,14067712,EleutherAI/pythia-14m,step111000,seed6,6,111000
That was the noble count.,count,count,That was the count noble., noble count, count noble,noble,False,-18.899019241333008,-23.418670654296875,4.519651412963867,14067712,EleutherAI/pythia-14m,step111000,seed6,6,111000
That was the vengeful count.,count,count,That was the count vengeful., vengeful count, count vengeful,vengeful,False,-27.22346305847168,-29.677532196044922,2.454069137573242,14067712,EleutherAI/pythia-14m,step111000,seed6,6,111000
That was the final count.,count,count,That was the count final., final count, count final,final,False,-13.09146785736084,-20.134735107421875,7.043267250061035,14067712,EleutherAI/pythia-14m,step111000,seed6,6,111000
It was an introductory course.,course,course,It was an course introductory., introductory course, course introductory,introductory,False,-13.198827743530273,-20.152782440185547,6.953954696655273,14067712,EleutherAI/pythia-14m,step111000,seed6,6,111000
It was a pass-fail course.,course,course,It was a course pass-fail., pass-fail course, course pass-fail,pass-fail,False,-31.688261032104492,-32.82618713378906,1.1379261016845703,14067712,EleutherAI/pythia-14m,step111000,seed6,6,111000
It was a charted course.,course,course,It was a course charted., charted course, course charted,charted,False,-23.38365936279297,-23.00614356994629,-0.3775157928466797,14067712,EleutherAI/pythia-14m,step111000,seed6,6,111000
It was a dinner date.,date,date,It was a date dinner., dinner date, date dinner,dinner,True,-19.639442443847656,-20.476028442382812,0.8365859985351562,14067712,EleutherAI/pythia-14m,step111000,seed6,6,111000
It was a blind date.,date,date,It was a date blind., blind date, date blind,blind,False,-18.839839935302734,-20.441116333007812,1.6012763977050781,14067712,EleutherAI/pythia-14m,step111000,seed6,6,111000
It was an expiration date.,date,date,It was an date expiration., expiration date, date expiration,expiration,True,-12.485376358032227,-22.20581817626953,9.720441818237305,14067712,EleutherAI/pythia-14m,step111000,seed6,6,111000
It was about forty degrees.,degree,degrees,It was about degrees forty., forty degrees, degrees forty,forty,True,-15.5050048828125,-23.6275691986084,8.122564315795898,14067712,EleutherAI/pythia-14m,step111000,seed6,6,111000
It was about fifty degrees.,degree,degrees,It was about degrees fifty., fifty degrees, degrees fifty,fifty,True,-15.193483352661133,-23.6461238861084,8.452640533447266,14067712,EleutherAI/pythia-14m,step111000,seed6,6,111000
It was about associate degrees.,degree,degrees,It was about degrees associate., associate degrees, degrees associate,associate,False,-21.58053970336914,-24.79041290283203,3.2098731994628906,14067712,EleutherAI/pythia-14m,step111000,seed6,6,111000
They liked the floral design.,design,design,They liked the design floral., floral design, design floral,floral,False,-17.179311752319336,-21.860061645507812,4.680749893188477,14067712,EleutherAI/pythia-14m,step111000,seed6,6,111000
They liked the geometric design.,design,design,They liked the design geometric., geometric design, design geometric,geometric,False,-17.939939498901367,-21.327346801757812,3.3874073028564453,14067712,EleutherAI/pythia-14m,step111000,seed6,6,111000
They liked the product design.,design,design,They liked the design product., product design, design product,product,True,-15.966445922851562,-15.137893676757812,-0.82855224609375,14067712,EleutherAI/pythia-14m,step111000,seed6,6,111000
They liked the turkey dinner.,dinner,dinner,They liked the dinner turkey., turkey dinner, dinner turkey,turkey,True,-18.93321990966797,-19.311046600341797,0.3778266906738281,14067712,EleutherAI/pythia-14m,step111000,seed6,6,111000
They liked the light dinner.,dinner,dinner,They liked the dinner light., light dinner, dinner light,light,False,-17.351791381835938,-17.908946990966797,0.5571556091308594,14067712,EleutherAI/pythia-14m,step111000,seed6,6,111000
They liked the formal dinner.,dinner,dinner,They liked the dinner formal., formal dinner, dinner formal,formal,False,-18.11515235900879,-19.881603240966797,1.7664508819580078,14067712,EleutherAI/pythia-14m,step111000,seed6,6,111000
He had a recurring dream.,dream,dream,He had a dream recurring., recurring dream, dream recurring,recurring,False,-16.505413055419922,-21.537342071533203,5.031929016113281,14067712,EleutherAI/pythia-14m,step111000,seed6,6,111000
He had a bad dream.,dream,dream,He had a dream bad., bad dream, dream bad,bad,False,-12.377519607543945,-16.511219024658203,4.133699417114258,14067712,EleutherAI/pythia-14m,step111000,seed6,6,111000
He had a childhood dream.,dream,dream,He had a dream childhood., childhood dream, dream childhood,childhood,True,-14.96733283996582,-16.846912384033203,1.8795795440673828,14067712,EleutherAI/pythia-14m,step111000,seed6,6,111000
It was a grueling drill.,drill,drill,It was a drill grueling., grueling drill, drill grueling,grueling,False,-25.240795135498047,-28.06458854675293,2.823793411254883,14067712,EleutherAI/pythia-14m,step111000,seed6,6,111000
It was a challenging drill.,drill,drill,It was a drill challenging., challenging drill, drill challenging,challenging,False,-20.47598648071289,-22.982572555541992,2.5065860748291016,14067712,EleutherAI/pythia-14m,step111000,seed6,6,111000
It was an electric drill.,drill,drill,It was an drill electric., electric drill, drill electric,electric,False,-19.691282272338867,-23.36947250366211,3.678190231323242,14067712,EleutherAI/pythia-14m,step111000,seed6,6,111000
It was a multiple-choice examination.,examination,examination,It was an examination multiple-choice., multiple-choice examination, examination multiple-choice,multiple-choice,False,-26.60968017578125,-31.51201057434082,4.90233039855957,14067712,EleutherAI/pythia-14m,step111000,seed6,6,111000
It was a difficult examination.,examination,examination,It was an examination difficult., difficult examination, examination difficult,difficult,False,-16.570573806762695,-16.219724655151367,-0.3508491516113281,14067712,EleutherAI/pythia-14m,step111000,seed6,6,111000
It was a prostate examination.,examination,examination,It was an examination prostate., prostate examination, examination prostate,prostate,True,-21.436267852783203,-23.059568405151367,1.623300552368164,14067712,EleutherAI/pythia-14m,step111000,seed6,6,111000
They had an electric fan.,fan,fan,They had an fan electric., electric fan, fan electric,electric,False,-16.029644012451172,-22.300710678100586,6.271066665649414,14067712,EleutherAI/pythia-14m,step111000,seed6,6,111000
They had a ceiling fan.,fan,fan,They had a fan ceiling., ceiling fan, fan ceiling,ceiling,True,-18.63452911376953,-20.777799606323242,2.143270492553711,14067712,EleutherAI/pythia-14m,step111000,seed6,6,111000
They had a zealous fan.,fan,fan,They had a fan zealous., zealous fan, fan zealous,zealous,False,-23.12501335144043,-28.026247024536133,4.901233673095703,14067712,EleutherAI/pythia-14m,step111000,seed6,6,111000
She had a text file.,file,file,She had a file text., text file, file text,text,True,-13.317024230957031,-17.279172897338867,3.962148666381836,14067712,EleutherAI/pythia-14m,step111000,seed6,6,111000
She had a data file.,file,file,She had a file data., data file, file data,data,True,-13.55143928527832,-16.800901412963867,3.249462127685547,14067712,EleutherAI/pythia-14m,step111000,seed6,6,111000
She had a nail file.,file,file,She had a file nail., nail file, file nail,nail,True,-16.839855194091797,-20.720823287963867,3.8809680938720703,14067712,EleutherAI/pythia-14m,step111000,seed6,6,111000
It was an action film.,film,film,It was an film action., action film, film action,action,True,-14.890117645263672,-14.896808624267578,0.00669097900390625,14067712,EleutherAI/pythia-14m,step111000,seed6,6,111000
It was a censored film.,film,film,It was a film censored., censored film, film censored,censored,False,-17.59849739074707,-20.752182006835938,3.153684616088867,14067712,EleutherAI/pythia-14m,step111000,seed6,6,111000
It was a transparent film.,film,film,It was a film transparent., transparent film, film transparent,transparent,False,-14.857440948486328,-19.333026885986328,4.4755859375,14067712,EleutherAI/pythia-14m,step111000,seed6,6,111000
It was a charitable foundation.,foundation,foundation,It was a foundation charitable., charitable foundation, foundation charitable,charitable,False,-15.823071479797363,-20.82262420654297,4.9995527267456055,14067712,EleutherAI/pythia-14m,step111000,seed6,6,111000
It was an educational foundation.,foundation,foundation,It was an foundation educational., educational foundation, foundation educational,educational,False,-16.950862884521484,-23.06180191040039,6.110939025878906,14067712,EleutherAI/pythia-14m,step111000,seed6,6,111000
It was a wooden foundation.,foundation,foundation,It was a foundation wooden., wooden foundation, foundation wooden,wooden,False,-18.531269073486328,-22.01134490966797,3.4800758361816406,14067712,EleutherAI/pythia-14m,step111000,seed6,6,111000
It was a mathematical function.,function,function,It was a function mathematical., mathematical function, function mathematical,mathematical,False,-15.90444564819336,-19.554702758789062,3.650257110595703,14067712,EleutherAI/pythia-14m,step111000,seed6,6,111000
It was a linear function.,function,function,It was a function linear., linear function, function linear,linear,False,-14.203841209411621,-18.995620727539062,4.791779518127441,14067712,EleutherAI/pythia-14m,step111000,seed6,6,111000
It was a social function.,function,function,It was a function social., social function, function social,social,False,-15.739479064941406,-19.289077758789062,3.5495986938476562,14067712,EleutherAI/pythia-14m,step111000,seed6,6,111000
He was on the firm ground.,ground,ground,He was on the ground firm., firm ground, ground firm,firm,False,-16.69148826599121,-15.744876861572266,-0.9466114044189453,14067712,EleutherAI/pythia-14m,step111000,seed6,6,111000
He was on the frozen ground.,ground,ground,He was on the ground frozen., frozen ground, ground frozen,frozen,False,-14.331509590148926,-17.277347564697266,2.94583797454834,14067712,EleutherAI/pythia-14m,step111000,seed6,6,111000
He was on the camp ground.,ground,ground,He was on the ground camp., camp ground, ground camp,camp,True,-15.772911071777344,-12.906742095947266,-2.866168975830078,14067712,EleutherAI/pythia-14m,step111000,seed6,6,111000
They liked the night guard.,guard,guard,They liked the guard night., night guard, guard night,night,True,-16.29888153076172,-19.409439086914062,3.1105575561523438,14067712,EleutherAI/pythia-14m,step111000,seed6,6,111000
They liked the security guard.,guard,guard,They liked the guard security., security guard, guard security,security,True,-16.621150970458984,-21.351333618164062,4.730182647705078,14067712,EleutherAI/pythia-14m,step111000,seed6,6,111000
They liked the coast guard.,guard,guard,They liked the guard coast., coast guard, guard coast,coast,True,-18.669639587402344,-22.642593383789062,3.9729537963867188,14067712,EleutherAI/pythia-14m,step111000,seed6,6,111000
He had an assembly guide.,guide,guide,He had an guide assembly., assembly guide, guide assembly,assembly,True,-18.459423065185547,-23.38888168334961,4.9294586181640625,14067712,EleutherAI/pythia-14m,step111000,seed6,6,111000
He had a TV guide.,guide,guide,He had a guide TV., TV guide, guide TV,TV,True,-18.729385375976562,-19.93467903137207,1.2052936553955078,14067712,EleutherAI/pythia-14m,step111000,seed6,6,111000
He had a talkative guide.,guide,guide,He had a guide talkative., talkative guide, guide talkative,talkative,False,-22.195934295654297,-28.694822311401367,6.49888801574707,14067712,EleutherAI/pythia-14m,step111000,seed6,6,111000
It was a summer home.,home,home,It was a home summer., summer home, home summer,summer,True,-15.45771598815918,-17.245113372802734,1.7873973846435547,14067712,EleutherAI/pythia-14m,step111000,seed6,6,111000
It was a childhood home.,home,home,It was a home childhood., childhood home, home childhood,childhood,True,-15.417123794555664,-18.423091888427734,3.0059680938720703,14067712,EleutherAI/pythia-14m,step111000,seed6,6,111000
It was a funeral home.,home,home,It was a home funeral., funeral home, home funeral,funeral,False,-15.658458709716797,-18.277095794677734,2.6186370849609375,14067712,EleutherAI/pythia-14m,step111000,seed6,6,111000
They had natural intelligence.,intelligence,intelligence,They had intelligence natural., natural intelligence, intelligence natural,natural,False,-17.210247039794922,-22.414134979248047,5.203887939453125,14067712,EleutherAI/pythia-14m,step111000,seed6,6,111000
They had innate intelligence.,intelligence,intelligence,They had intelligence innate., innate intelligence, intelligence innate,innate,False,-18.024438858032227,-23.839916229248047,5.81547737121582,14067712,EleutherAI/pythia-14m,step111000,seed6,6,111000
They had classified intelligence.,intelligence,intelligence,They had intelligence classified., classified intelligence, intelligence classified,classified,False,-18.816650390625,-21.620189666748047,2.803539276123047,14067712,EleutherAI/pythia-14m,step111000,seed6,6,111000
It was a sensitive issue.,issue,issue,It was an issue sensitive., sensitive issue, issue sensitive,sensitive,False,-16.26986312866211,-17.218942642211914,0.9490795135498047,14067712,EleutherAI/pythia-14m,step111000,seed6,6,111000
It was a political issue.,issue,issue,It was an issue political., political issue, issue political,political,False,-14.448144912719727,-17.488473892211914,3.0403289794921875,14067712,EleutherAI/pythia-14m,step111000,seed6,6,111000
It was a weekly issue.,issue,issue,It was an issue weekly., weekly issue, issue weekly,weekly,False,-18.402122497558594,-19.619333267211914,1.2172107696533203,14067712,EleutherAI/pythia-14m,step111000,seed6,6,111000
It was a blackberry jam.,jam,jam,It was a jam blackberry., blackberry jam, jam blackberry,blackberry,True,-21.001054763793945,-27.140382766723633,6.1393280029296875,14067712,EleutherAI/pythia-14m,step111000,seed6,6,111000
It was a peach jam.,jam,jam,It was a jam peach., peach jam, jam peach,peach,False,-23.133365631103516,-24.06317901611328,0.9298133850097656,14067712,EleutherAI/pythia-14m,step111000,seed6,6,111000
It was a traffic jam.,jam,jam,It was a jam traffic., traffic jam, jam traffic,traffic,True,-17.024471282958984,-21.868581771850586,4.844110488891602,14067712,EleutherAI/pythia-14m,step111000,seed6,6,111000
It was a duplicate key.,key,key,It was a key duplicate., duplicate key, key duplicate,duplicate,False,-20.098617553710938,-19.9363956451416,-0.16222190856933594,14067712,EleutherAI/pythia-14m,step111000,seed6,6,111000
It was a master key.,key,key,It was a key master., master key, key master,master,True,-16.930147171020508,-17.9825382232666,1.0523910522460938,14067712,EleutherAI/pythia-14m,step111000,seed6,6,111000
It was a delete key.,key,key,It was a key delete., delete key, key delete,delete,False,-20.303434371948242,-21.0987491607666,0.7953147888183594,14067712,EleutherAI/pythia-14m,step111000,seed6,6,111000
They liked the marinated lamb.,lamb,lamb,They liked the lamb marinated., marinated lamb, lamb marinated,marinated,True,-24.386119842529297,-27.4381046295166,3.0519847869873047,14067712,EleutherAI/pythia-14m,step111000,seed6,6,111000
They liked the grilled lamb.,lamb,lamb,They liked the lamb grilled., grilled lamb, lamb grilled,grilled,False,-18.761085510253906,-24.367488861083984,5.606403350830078,14067712,EleutherAI/pythia-14m,step111000,seed6,6,111000
They liked the cute lamb.,lamb,lamb,They liked the lamb cute., cute lamb, lamb cute,cute,False,-18.147674560546875,-22.436824798583984,4.289150238037109,14067712,EleutherAI/pythia-14m,step111000,seed6,6,111000
She had curly locks.,lock,locks,She had locks curly., curly locks, locks curly,curly,False,-20.503463745117188,-24.300893783569336,3.7974300384521484,14067712,EleutherAI/pythia-14m,step111000,seed6,6,111000
She had brown locks.,lock,locks,She had locks brown., brown locks, locks brown,brown,False,-21.868667602539062,-22.530385971069336,0.6617183685302734,14067712,EleutherAI/pythia-14m,step111000,seed6,6,111000
She had window locks.,lock,locks,She had locks window., window locks, locks window,window,True,-20.528596878051758,-21.855337142944336,1.3267402648925781,14067712,EleutherAI/pythia-14m,step111000,seed6,6,111000
They liked the hot lunch.,lunch,lunch,They liked the lunch hot., hot lunch, lunch hot,hot,False,-14.371691703796387,-18.55535316467285,4.183661460876465,14067712,EleutherAI/pythia-14m,step111000,seed6,6,111000
They liked the sandwich lunch.,lunch,lunch,They liked the lunch sandwich., sandwich lunch, lunch sandwich,sandwich,True,-18.884580612182617,-17.69695472717285,-1.1876258850097656,14067712,EleutherAI/pythia-14m,step111000,seed6,6,111000
They liked the afternoon lunch.,lunch,lunch,They liked the lunch afternoon., afternoon lunch, lunch afternoon,afternoon,True,-13.705728530883789,-17.41521644592285,3.7094879150390625,14067712,EleutherAI/pythia-14m,step111000,seed6,6,111000
He liked the flea market.,market,market,He liked the market flea., flea market, market flea,flea,True,-23.35564422607422,-23.822660446166992,0.46701622009277344,14067712,EleutherAI/pythia-14m,step111000,seed6,6,111000
He liked the fish market.,market,market,He liked the market fish., fish market, market fish,fish,True,-17.885936737060547,-21.12381362915039,3.2378768920898438,14067712,EleutherAI/pythia-14m,step111000,seed6,6,111000
He liked the housing market.,market,market,He liked the market housing., housing market, market housing,housing,True,-17.38040542602539,-19.73367691040039,2.353271484375,14067712,EleutherAI/pythia-14m,step111000,seed6,6,111000
It was a lit match.,match,match,It was a match lit., lit match, match lit,lit,False,-23.353900909423828,-20.288095474243164,-3.065805435180664,14067712,EleutherAI/pythia-14m,step111000,seed6,6,111000
It was a burning match.,match,match,It was a match burning., burning match, match burning,burning,False,-20.795917510986328,-21.437265396118164,0.6413478851318359,14067712,EleutherAI/pythia-14m,step111000,seed6,6,111000
It was a soccer match.,match,match,It was a match soccer., soccer match, match soccer,soccer,True,-12.482560157775879,-19.964120864868164,7.481560707092285,14067712,EleutherAI/pythia-14m,step111000,seed6,6,111000
It was cough medicine.,medicine,medicine,It was medicine cough., cough medicine, medicine cough,cough,True,-24.515270233154297,-25.82358169555664,1.3083114624023438,14067712,EleutherAI/pythia-14m,step111000,seed6,6,111000
It was prescription medicine.,medicine,medicine,It was medicine prescription., prescription medicine, medicine prescription,prescription,True,-20.673227310180664,-24.18442153930664,3.5111942291259766,14067712,EleutherAI/pythia-14m,step111000,seed6,6,111000
It was orthopedic medicine.,medicine,medicine,It was medicine orthopedic., orthopedic medicine, medicine orthopedic,orthopedic,False,-24.36819839477539,-28.108963012695312,3.740764617919922,14067712,EleutherAI/pythia-14m,step111000,seed6,6,111000
There was a phone message.,message,message,There was a message phone., phone message, message phone,phone,True,-14.961803436279297,-19.806806564331055,4.845003128051758,14067712,EleutherAI/pythia-14m,step111000,seed6,6,111000
There was a computer message.,message,message,There was a message computer., computer message, message computer,computer,True,-18.056285858154297,-21.609785079956055,3.553499221801758,14067712,EleutherAI/pythia-14m,step111000,seed6,6,111000
There was an urgent message.,message,message,There was an message urgent., urgent message, message urgent,urgent,False,-14.585121154785156,-22.83027458190918,8.245153427124023,14067712,EleutherAI/pythia-14m,step111000,seed6,6,111000
It was a fungal mold.,mold,mold,It was a mold fungal., fungal mold, mold fungal,fungal,False,-23.83114242553711,-24.78525161743164,0.9541091918945312,14067712,EleutherAI/pythia-14m,step111000,seed6,6,111000
It was a harmful mold.,mold,mold,It was a mold harmful., harmful mold, mold harmful,harmful,False,-23.679061889648438,-24.63217544555664,0.9531135559082031,14067712,EleutherAI/pythia-14m,step111000,seed6,6,111000
It was a rubber mold.,mold,mold,It was a mold rubber., rubber mold, mold rubber,rubber,True,-19.233280181884766,-21.40073013305664,2.167449951171875,14067712,EleutherAI/pythia-14m,step111000,seed6,6,111000
She saw the cancerous mole.,mole,mole,She saw the mole cancerous., cancerous mole, mole cancerous,cancerous,False,-23.837610244750977,-28.29757308959961,4.459962844848633,14067712,EleutherAI/pythia-14m,step111000,seed6,6,111000
She saw the raised mole.,mole,mole,She saw the mole raised., raised mole, mole raised,raised,False,-22.39307403564453,-18.864334106445312,-3.5287399291992188,14067712,EleutherAI/pythia-14m,step111000,seed6,6,111000
She saw the cute mole.,mole,mole,She saw the mole cute., cute mole, mole cute,cute,False,-20.547460556030273,-21.864089965820312,1.316629409790039,14067712,EleutherAI/pythia-14m,step111000,seed6,6,111000
He liked the rhythmic movement.,movement,movement,He liked the movement rhythmic., rhythmic movement, movement rhythmic,rhythmic,False,-16.698476791381836,-23.587221145629883,6.888744354248047,14067712,EleutherAI/pythia-14m,step111000,seed6,6,111000
He liked the graceful movement.,movement,movement,He liked the movement graceful., graceful movement, movement graceful,graceful,False,-18.58953094482422,-23.322484970092773,4.732954025268555,14067712,EleutherAI/pythia-14m,step111000,seed6,6,111000
He liked the feminist movement.,movement,movement,He liked the movement feminist., feminist movement, movement feminist,feminist,True,-12.9858980178833,-21.356664657592773,8.370766639709473,14067712,EleutherAI/pythia-14m,step111000,seed6,6,111000
It was a national newspaper.,newspaper,newspaper,It was a newspaper national., national newspaper, newspaper national,national,False,-15.44227123260498,-20.12314796447754,4.680876731872559,14067712,EleutherAI/pythia-14m,step111000,seed6,6,111000
It was a daily newspaper.,newspaper,newspaper,It was a newspaper daily., daily newspaper, newspaper daily,daily,False,-16.534757614135742,-19.572124481201172,3.0373668670654297,14067712,EleutherAI/pythia-14m,step111000,seed6,6,111000
It was a faded newspaper.,newspaper,newspaper,It was a newspaper faded., faded newspaper, newspaper faded,faded,False,-19.99366569519043,-22.408306121826172,2.414640426635742,14067712,EleutherAI/pythia-14m,step111000,seed6,6,111000
It was a juicy orange.,orange,orange,It was an orange juicy., juicy orange, orange juicy,juicy,False,-22.297513961791992,-23.343400955200195,1.0458869934082031,14067712,EleutherAI/pythia-14m,step111000,seed6,6,111000
It was a ripe orange.,orange,orange,It was an orange ripe., ripe orange, orange ripe,ripe,False,-19.488441467285156,-18.9271240234375,-0.5613174438476562,14067712,EleutherAI/pythia-14m,step111000,seed6,6,111000
It was a bright orange.,orange,orange,It was an orange bright., bright orange, orange bright,bright,False,-12.812386512756348,-15.8326416015625,3.0202550888061523,14067712,EleutherAI/pythia-14m,step111000,seed6,6,111000
He saw the young page.,page,page,He saw the page young., young page, page young,young,False,-16.269515991210938,-18.85901641845703,2.5895004272460938,14067712,EleutherAI/pythia-14m,step111000,seed6,6,111000
He saw the loyal page.,page,page,He saw the page loyal., loyal page, page loyal,loyal,False,-21.804018020629883,-20.23645782470703,-1.5675601959228516,14067712,EleutherAI/pythia-14m,step111000,seed6,6,111000
He saw the blank page.,page,page,He saw the page blank., blank page, page blank,blank,False,-15.138105392456055,-17.06482696533203,1.9267215728759766,14067712,EleutherAI/pythia-14m,step111000,seed6,6,111000
It was a calloused palm.,palm,palm,It was a palm calloused., calloused palm, palm calloused,calloused,False,-30.915103912353516,-32.778202056884766,1.86309814453125,14067712,EleutherAI/pythia-14m,step111000,seed6,6,111000
It was a wrinkled palm.,palm,palm,It was a palm wrinkled., wrinkled palm, palm wrinkled,wrinkled,False,-21.432071685791016,-22.713409423828125,1.2813377380371094,14067712,EleutherAI/pythia-14m,step111000,seed6,6,111000
It was a tropical palm.,palm,palm,It was a palm tropical., tropical palm, palm tropical,tropical,False,-20.19518280029297,-22.235666275024414,2.0404834747314453,14067712,EleutherAI/pythia-14m,step111000,seed6,6,111000
It was a control panel.,panel,panel,It was a panel control., control panel, panel control,control,True,-16.325258255004883,-19.89624786376953,3.5709896087646484,14067712,EleutherAI/pythia-14m,step111000,seed6,6,111000
It was an instrument panel.,panel,panel,It was an panel instrument., instrument panel, panel instrument,instrument,False,-18.67206573486328,-22.222400665283203,3.550334930419922,14067712,EleutherAI/pythia-14m,step111000,seed6,6,111000
It was an advisory panel.,panel,panel,It was an panel advisory., advisory panel, panel advisory,advisory,False,-14.598467826843262,-21.738025665283203,7.139557838439941,14067712,EleutherAI/pythia-14m,step111000,seed6,6,111000
It was a secret passage.,passage,passage,It was a passage secret., secret passage, passage secret,secret,False,-17.69439697265625,-20.74596405029297,3.0515670776367188,14067712,EleutherAI/pythia-14m,step111000,seed6,6,111000
It was a narrow passage.,passage,passage,It was a passage narrow., narrow passage, passage narrow,narrow,False,-15.495267868041992,-21.16930389404297,5.674036026000977,14067712,EleutherAI/pythia-14m,step111000,seed6,6,111000
It was a literary passage.,passage,passage,It was a passage literary., literary passage, passage literary,literary,False,-18.880558013916016,-22.38561248779297,3.505054473876953,14067712,EleutherAI/pythia-14m,step111000,seed6,6,111000
It was a tasty perch.,perch,perch,It was a perch tasty., tasty perch, perch tasty,tasty,False,-24.555522918701172,-24.68503189086914,0.12950897216796875,14067712,EleutherAI/pythia-14m,step111000,seed6,6,111000
It was a freshwater perch.,perch,perch,It was a perch freshwater., freshwater perch, perch freshwater,freshwater,True,-24.730318069458008,-26.349584579467773,1.6192665100097656,14067712,EleutherAI/pythia-14m,step111000,seed6,6,111000
It was a lofty perch.,perch,perch,It was a perch lofty., lofty perch, perch lofty,lofty,False,-25.766498565673828,-26.99061393737793,1.2241153717041016,14067712,EleutherAI/pythia-14m,step111000,seed6,6,111000
He saw the fast pitcher.,pitcher,pitcher,He saw the pitcher fast., fast pitcher, pitcher fast,fast,False,-20.992210388183594,-19.243221282958984,-1.7489891052246094,14067712,EleutherAI/pythia-14m,step111000,seed6,6,111000
He saw the right-handed pitcher.,pitcher,pitcher,He saw the pitcher right-handed., right-handed pitcher, pitcher right-handed,right-handed,False,-19.73362922668457,-22.369060516357422,2.6354312896728516,14067712,EleutherAI/pythia-14m,step111000,seed6,6,111000
He saw the glass pitcher.,pitcher,pitcher,He saw the pitcher glass., glass pitcher, pitcher glass,glass,True,-18.67537498474121,-20.817928314208984,2.1425533294677734,14067712,EleutherAI/pythia-14m,step111000,seed6,6,111000
It was a windy port.,port,port,It was a port windy., windy port, port windy,windy,False,-23.889507293701172,-27.641277313232422,3.75177001953125,14067712,EleutherAI/pythia-14m,step111000,seed6,6,111000
It was a seaside port.,port,port,It was a port seaside., seaside port, port seaside,seaside,True,-20.227005004882812,-23.210407257080078,2.9834022521972656,14067712,EleutherAI/pythia-14m,step111000,seed6,6,111000
It was a delicious port.,port,port,It was a port delicious., delicious port, port delicious,delicious,False,-20.20614242553711,-24.357696533203125,4.151554107666016,14067712,EleutherAI/pythia-14m,step111000,seed6,6,111000
He was in a distinguished position.,position,position,He was in a position distinguished., distinguished position, position distinguished,distinguished,False,-13.931846618652344,-17.268871307373047,3.337024688720703,14067712,EleutherAI/pythia-14m,step111000,seed6,6,111000
He was in a prominent position.,position,position,He was in a position prominent., prominent position, position prominent,prominent,False,-12.270613670349121,-17.855297088623047,5.584683418273926,14067712,EleutherAI/pythia-14m,step111000,seed6,6,111000
He was in a fetal position.,position,position,He was in a position fetal., fetal position, position fetal,fetal,False,-19.760103225708008,-21.373119354248047,1.613016128540039,14067712,EleutherAI/pythia-14m,step111000,seed6,6,111000
It was a wooden post.,post,post,It was a post wooden., wooden post, post wooden,wooden,False,-18.895038604736328,-21.604419708251953,2.709381103515625,14067712,EleutherAI/pythia-14m,step111000,seed6,6,111000
It was a fence post.,post,post,It was a post fence., fence post, post fence,fence,True,-20.155603408813477,-21.034839630126953,0.8792362213134766,14067712,EleutherAI/pythia-14m,step111000,seed6,6,111000
It was a teaching post.,post,post,It was a post teaching., teaching post, post teaching,teaching,True,-18.776363372802734,-18.999195098876953,0.22283172607421875,14067712,EleutherAI/pythia-14m,step111000,seed6,6,111000
He had the alcoholic punch.,punch,punch,He had the punch alcoholic., alcoholic punch, punch alcoholic,alcoholic,False,-22.605377197265625,-23.745439529418945,1.1400623321533203,14067712,EleutherAI/pythia-14m,step111000,seed6,6,111000
He had the fruit punch.,punch,punch,He had the punch fruit., fruit punch, punch fruit,fruit,True,-19.609024047851562,-21.096025466918945,1.4870014190673828,14067712,EleutherAI/pythia-14m,step111000,seed6,6,111000
He had the strongest punch.,punch,punch,He had the punch strongest., strongest punch, punch strongest,strongest,False,-16.242389678955078,-21.990068435668945,5.747678756713867,14067712,EleutherAI/pythia-14m,step111000,seed6,6,111000
She had a brilliant pupil.,pupil,pupil,She had a pupil brilliant., brilliant pupil, pupil brilliant,brilliant,False,-16.964855194091797,-22.40123748779297,5.436382293701172,14067712,EleutherAI/pythia-14m,step111000,seed6,6,111000
She had an interested pupil.,pupil,pupil,She had an pupil interested., interested pupil, pupil interested,interested,False,-19.88533592224121,-21.54935073852539,1.6640148162841797,14067712,EleutherAI/pythia-14m,step111000,seed6,6,111000
She had a dilated pupil.,pupil,pupil,She had a pupil dilated., dilated pupil, pupil dilated,dilated,False,-20.30634307861328,-22.34679412841797,2.0404510498046875,14067712,EleutherAI/pythia-14m,step111000,seed6,6,111000
That was a loud racket.,racket,racket,That was a racket loud., loud racket, racket loud,loud,False,-18.15424346923828,-21.400814056396484,3.246570587158203,14067712,EleutherAI/pythia-14m,step111000,seed6,6,111000
That was an annoying racket.,racket,racket,That was an racket annoying., annoying racket, racket annoying,annoying,False,-18.345794677734375,-25.341323852539062,6.9955291748046875,14067712,EleutherAI/pythia-14m,step111000,seed6,6,111000
That was a badminton racket.,racket,racket,That was a racket badminton., badminton racket, racket badminton,badminton,True,-27.527053833007812,-28.874324798583984,1.3472709655761719,14067712,EleutherAI/pythia-14m,step111000,seed6,6,111000
He liked electronic rock.,rock,rock,He liked rock electronic., electronic rock, rock electronic,electronic,False,-24.9866943359375,-22.57427215576172,-2.4124221801757812,14067712,EleutherAI/pythia-14m,step111000,seed6,6,111000
He liked alternative rock.,rock,rock,He liked rock alternative., alternative rock, rock alternative,alternative,False,-23.077739715576172,-23.46514129638672,0.3874015808105469,14067712,EleutherAI/pythia-14m,step111000,seed6,6,111000
He liked limestone rock.,rock,rock,He liked rock limestone., limestone rock, rock limestone,limestone,True,-23.10879898071289,-22.95244598388672,-0.15635299682617188,14067712,EleutherAI/pythia-14m,step111000,seed6,6,111000
He saw the wise sage.,sage,sage,He saw the sage wise., wise sage, sage wise,wise,False,-20.414138793945312,-20.19632339477539,-0.21781539916992188,14067712,EleutherAI/pythia-14m,step111000,seed6,6,111000
He saw the renowned sage.,sage,sage,He saw the sage renowned., renowned sage, sage renowned,renowned,False,-21.99785804748535,-24.04446792602539,2.046609878540039,14067712,EleutherAI/pythia-14m,step111000,seed6,6,111000
He saw the fragrant sage.,sage,sage,He saw the sage fragrant., fragrant sage, sage fragrant,fragrant,False,-22.290279388427734,-23.623210906982422,1.3329315185546875,14067712,EleutherAI/pythia-14m,step111000,seed6,6,111000
It was a fish scale.,scale,scale,It was a scale fish., fish scale, scale fish,fish,True,-20.80059814453125,-22.775650024414062,1.9750518798828125,14067712,EleutherAI/pythia-14m,step111000,seed6,6,111000
It was a lizard scale.,scale,scale,It was a scale lizard., lizard scale, scale lizard,lizard,True,-25.54483413696289,-26.634292602539062,1.0894584655761719,14067712,EleutherAI/pythia-14m,step111000,seed6,6,111000
It was a music scale.,scale,scale,It was a scale music., music scale, scale music,music,True,-18.26314926147461,-20.673110961914062,2.409961700439453,14067712,EleutherAI/pythia-14m,step111000,seed6,6,111000
It was a touching scene.,scene,scene,It was a scene touching., touching scene, scene touching,touching,False,-15.221330642700195,-17.298593521118164,2.0772628784179688,14067712,EleutherAI/pythia-14m,step111000,seed6,6,111000
It was a well-acted scene.,scene,scene,It was a scene well-acted., well-acted scene, scene well-acted,well-acted,False,-21.674034118652344,-27.622392654418945,5.948358535766602,14067712,EleutherAI/pythia-14m,step111000,seed6,6,111000
It was a nature scene.,scene,scene,It was a scene nature., nature scene, scene nature,nature,True,-15.40798282623291,-18.410898208618164,3.002915382385254,14067712,EleutherAI/pythia-14m,step111000,seed6,6,111000
It was a gold seal.,seal,seal,It was a seal gold., gold seal, seal gold,gold,True,-17.725845336914062,-21.762611389160156,4.036766052246094,14067712,EleutherAI/pythia-14m,step111000,seed6,6,111000
It was a certified seal.,seal,seal,It was a seal certified., certified seal, seal certified,certified,False,-18.626617431640625,-20.738197326660156,2.1115798950195312,14067712,EleutherAI/pythia-14m,step111000,seed6,6,111000
It was a circus seal.,seal,seal,It was a seal circus., circus seal, seal circus,circus,True,-24.144426345825195,-23.776283264160156,-0.36814308166503906,14067712,EleutherAI/pythia-14m,step111000,seed6,6,111000
He used the scotch tape.,tape,tape,He used the tape scotch., scotch tape, tape scotch,scotch,True,-21.360233306884766,-23.68937110900879,2.3291378021240234,14067712,EleutherAI/pythia-14m,step111000,seed6,6,111000
He used the double-sided tape.,tape,tape,He used the tape double-sided., double-sided tape, tape double-sided,double-sided,False,-20.73877716064453,-25.19244384765625,4.453666687011719,14067712,EleutherAI/pythia-14m,step111000,seed6,6,111000
He used the interview tape.,tape,tape,He used the tape interview., interview tape, tape interview,interview,True,-16.91263771057129,-17.5946044921875,0.6819667816162109,14067712,EleutherAI/pythia-14m,step111000,seed6,6,111000
It was a winter term.,term,term,It was a term winter., winter term, term winter,winter,True,-17.33793067932129,-21.57341194152832,4.235481262207031,14067712,EleutherAI/pythia-14m,step111000,seed6,6,111000
It was a fall term.,term,term,It was a term fall., fall term, term fall,fall,True,-18.375041961669922,-22.14567756652832,3.7706356048583984,14067712,EleutherAI/pythia-14m,step111000,seed6,6,111000
It was a legal term.,term,term,It was a term legal., legal term, term legal,legal,False,-17.124086380004883,-18.95182991027832,1.8277435302734375,14067712,EleutherAI/pythia-14m,step111000,seed6,6,111000
It was a clock tick.,tick,tick,It was a tick clock., clock tick, tick clock,clock,True,-18.980457305908203,-23.575748443603516,4.5952911376953125,14067712,EleutherAI/pythia-14m,step111000,seed6,6,111000
It was an audible tick.,tick,tick,It was an tick audible., audible tick, tick audible,audible,False,-18.79383659362793,-26.458511352539062,7.664674758911133,14067712,EleutherAI/pythia-14m,step111000,seed6,6,111000
It was a parasitic tick.,tick,tick,It was a tick parasitic., parasitic tick, tick parasitic,parasitic,False,-21.738487243652344,-26.570621490478516,4.832134246826172,14067712,EleutherAI/pythia-14m,step111000,seed6,6,111000
It was a generous tip.,tip,tip,It was a tip generous., generous tip, tip generous,generous,False,-18.80809211730957,-22.619430541992188,3.811338424682617,14067712,EleutherAI/pythia-14m,step111000,seed6,6,111000
It was a stingy tip.,tip,tip,It was a tip stingy., stingy tip, tip stingy,stingy,False,-22.154186248779297,-26.184709548950195,4.030523300170898,14067712,EleutherAI/pythia-14m,step111000,seed6,6,111000
It was a pencil tip.,tip,tip,It was a tip pencil., pencil tip, tip pencil,pencil,True,-20.020801544189453,-21.077682495117188,1.0568809509277344,14067712,EleutherAI/pythia-14m,step111000,seed6,6,111000
She liked the essay title.,title,title,She liked the title essay., essay title, title essay,essay,True,-20.28213882446289,-17.68213653564453,-2.6000022888183594,14067712,EleutherAI/pythia-14m,step111000,seed6,6,111000
She liked the poem title.,title,title,She liked the title poem., poem title, title poem,poem,True,-18.839679718017578,-18.22486114501953,-0.6148185729980469,14067712,EleutherAI/pythia-14m,step111000,seed6,6,111000
She liked the academic title.,title,title,She liked the title academic., academic title, title academic,academic,False,-18.042694091796875,-19.98291778564453,1.9402236938476562,14067712,EleutherAI/pythia-14m,step111000,seed6,6,111000
It was a costly toll.,toll,toll,It was a toll costly., costly toll, toll costly,costly,False,-20.92434310913086,-23.371543884277344,2.4472007751464844,14067712,EleutherAI/pythia-14m,step111000,seed6,6,111000
It was a road toll.,toll,toll,It was a toll road., road toll, toll road,road,True,-18.05970001220703,-19.039268493652344,0.9795684814453125,14067712,EleutherAI/pythia-14m,step111000,seed6,6,111000
It was a loud toll.,toll,toll,It was a toll loud., loud toll, toll loud,loud,False,-19.42420196533203,-23.707969665527344,4.2837677001953125,14067712,EleutherAI/pythia-14m,step111000,seed6,6,111000
She saw the train tracks.,track,tracks,She saw the tracks train., train tracks, tracks train,train,True,-15.919397354125977,-20.08135223388672,4.161954879760742,14067712,EleutherAI/pythia-14m,step111000,seed6,6,111000
She saw the trolley tracks.,track,tracks,She saw the tracks trolley., trolley tracks, tracks trolley,trolley,True,-24.7259521484375,-26.402694702148438,1.6767425537109375,14067712,EleutherAI/pythia-14m,step111000,seed6,6,111000
She saw the moose tracks.,track,tracks,She saw the tracks moose., moose tracks, tracks moose,moose,False,-24.269760131835938,-24.64143943786621,0.37167930603027344,14067712,EleutherAI/pythia-14m,step111000,seed6,6,111000
It was five yards.,yard,yards,It was yards five., five yards, yards five,five,True,-17.040355682373047,-25.247474670410156,8.20711898803711,14067712,EleutherAI/pythia-14m,step111000,seed6,6,111000
It was ten yards.,yard,yards,It was yards ten., ten yards, yards ten,ten,True,-17.66417694091797,-26.258949279785156,8.594772338867188,14067712,EleutherAI/pythia-14m,step111000,seed6,6,111000
They were big yards.,yard,yards,They were yards big., big yards, yards big,big,False,-18.290246963500977,-22.755977630615234,4.465730667114258,14067712,EleutherAI/pythia-14m,step111000,seed6,6,111000
It was a comedic act.,act,act,It was an act comedic., comedic act, act comedic,comedic,False,-18.0521240234375,-23.76004409790039,5.707920074462891,14067712,EleutherAI/pythia-14m,step111000,seed6,6,111000
He had a pending appeal.,appeal,appeal,He had an appeal pending., pending appeal, appeal pending,pending,False,-16.79104232788086,-13.45114803314209,-3.3398942947387695,14067712,EleutherAI/pythia-14m,step111000,seed6,6,111000
It was a polluted atmosphere.,atmosphere,atmosphere,It was an atmosphere polluted., polluted atmosphere, atmosphere polluted,polluted,False,-22.83151626586914,-24.166221618652344,1.3347053527832031,14067712,EleutherAI/pythia-14m,step111000,seed6,6,111000
It was a country band.,band,band,It was a band country., country band, band country,country,True,-17.77123260498047,-18.803224563598633,1.031991958618164,14067712,EleutherAI/pythia-14m,step111000,seed6,6,111000
There was a religious barrier.,barrier,barrier,There was a barrier religious., religious barrier, barrier religious,religious,False,-17.343618392944336,-22.210845947265625,4.867227554321289,14067712,EleutherAI/pythia-14m,step111000,seed6,6,111000
He saw a baseball bat.,bat,bat,He saw a bat baseball., baseball bat, bat baseball,baseball,True,-12.060315132141113,-16.237937927246094,4.1776227951049805,14067712,EleutherAI/pythia-14m,step111000,seed6,6,111000
He saw the balance beam.,beam,beam,He saw the beam balance., balance beam, beam balance,balance,True,-20.706954956054688,-20.428014755249023,-0.27894020080566406,14067712,EleutherAI/pythia-14m,step111000,seed6,6,111000
She had a writer's block.,block,block,She had a block writer's., writer's block, block writer's,writer,True,-21.619409561157227,-23.993324279785156,2.3739147186279297,14067712,EleutherAI/pythia-14m,step111000,seed6,6,111000
He has royal blood.,blood,blood,He has blood royal., royal blood, blood royal,royal,False,-20.289539337158203,-23.44249725341797,3.1529579162597656,14067712,EleutherAI/pythia-14m,step111000,seed6,6,111000
It was the school board.,board,board,It was the board school., school board, board school,school,True,-13.187736511230469,-18.459487915039062,5.271751403808594,14067712,EleutherAI/pythia-14m,step111000,seed6,6,111000
He had a leather-bound book.,book,book,He had a book leather-bound., leather-bound book, book leather-bound,leather-bound,False,-24.397136688232422,-25.827699661254883,1.430562973022461,14067712,EleutherAI/pythia-14m,step111000,seed6,6,111000
They ate a lonely breakfast.,breakfast,breakfast,They ate a breakfast lonely., lonely breakfast, breakfast lonely,lonely,False,-14.310083389282227,-19.566184997558594,5.256101608276367,14067712,EleutherAI/pythia-14m,step111000,seed6,6,111000
It was an island cape.,cape,cape,It was an cape island., island cape, cape island,island,True,-23.49212646484375,-24.50733757019043,1.0152111053466797,14067712,EleutherAI/pythia-14m,step111000,seed6,6,111000
It was a criminal case.,case,case,It was a case criminal., criminal case, case criminal,criminal,False,-10.44837474822998,-15.710201263427734,5.261826515197754,14067712,EleutherAI/pythia-14m,step111000,seed6,6,111000
It was a primary cause.,cause,cause,It was a cause primary., primary cause, cause primary,primary,False,-13.360116004943848,-21.850299835205078,8.49018383026123,14067712,EleutherAI/pythia-14m,step111000,seed6,6,111000
It was a jail cell.,cell,cell,It was a cell jail., jail cell, cell jail,jail,True,-18.109256744384766,-18.918712615966797,0.8094558715820312,14067712,EleutherAI/pythia-14m,step111000,seed6,6,111000
She had a good-luck charm.,charm,charm,She had a charm good-luck., good-luck charm, charm good-luck,good-luck,False,-30.475879669189453,-31.880332946777344,1.4044532775878906,14067712,EleutherAI/pythia-14m,step111000,seed6,6,111000
They liked the pet chicken.,chicken,chicken,They liked the chicken pet., pet chicken, chicken pet,pet,True,-19.824920654296875,-18.16824722290039,-1.6566734313964844,14067712,EleutherAI/pythia-14m,step111000,seed6,6,111000
It was a stimulating class.,class,class,It was a class stimulating., stimulating class, class stimulating,stimulating,False,-19.031967163085938,-20.332599639892578,1.3006324768066406,14067712,EleutherAI/pythia-14m,step111000,seed6,6,111000
It was a metal clip.,clip,clip,It was a clip metal., metal clip, clip metal,metal,True,-19.78097152709961,-20.158048629760742,0.3770771026611328,14067712,EleutherAI/pythia-14m,step111000,seed6,6,111000
It was a common cold.,cold,cold,It was a cold common., common cold, cold common,common,False,-16.411863327026367,-18.964988708496094,2.5531253814697266,14067712,EleutherAI/pythia-14m,step111000,seed6,6,111000
It was a marble column.,column,column,It was a column marble., marble column, column marble,marble,True,-18.276874542236328,-21.163660049438477,2.8867855072021484,14067712,EleutherAI/pythia-14m,step111000,seed6,6,111000
He liked the polite company.,company,company,He liked the company polite., polite company, company polite,polite,False,-18.72570037841797,-19.887279510498047,1.1615791320800781,14067712,EleutherAI/pythia-14m,step111000,seed6,6,111000
It was a traffic cone.,cone,cone,It was a cone traffic., traffic cone, cone traffic,traffic,True,-19.272762298583984,-23.303955078125,4.031192779541016,14067712,EleutherAI/pythia-14m,step111000,seed6,6,111000
He made a well-written contribution.,contribution,contribution,He made a contribution well-written., well-written contribution, contribution well-written,well-written,False,-21.66206169128418,-27.330371856689453,5.668310165405273,14067712,EleutherAI/pythia-14m,step111000,seed6,6,111000
That was the correct count.,count,count,That was the count correct., correct count, count correct,correct,False,-16.679988861083984,-21.486297607421875,4.806308746337891,14067712,EleutherAI/pythia-14m,step111000,seed6,6,111000
It was a collision course.,course,course,It was a course collision., collision course, course collision,collision,True,-16.646839141845703,-19.718544006347656,3.071704864501953,14067712,EleutherAI/pythia-14m,step111000,seed6,6,111000
It was a historical date.,date,date,It was a date historical., historical date, date historical,historical,False,-17.08007049560547,-19.912307739257812,2.8322372436523438,14067712,EleutherAI/pythia-14m,step111000,seed6,6,111000
It was about college degrees.,degree,degrees,It was about degrees college., college degrees, degrees college,college,True,-16.455677032470703,-22.7430477142334,6.287370681762695,14067712,EleutherAI/pythia-14m,step111000,seed6,6,111000
They liked the architectural design.,design,design,They liked the design architectural., architectural design, design architectural,architectural,False,-14.044231414794922,-18.475784301757812,4.431552886962891,14067712,EleutherAI/pythia-14m,step111000,seed6,6,111000
They liked the anniversary dinner.,dinner,dinner,They liked the dinner anniversary., anniversary dinner, dinner anniversary,anniversary,True,-15.16834831237793,-17.819835662841797,2.651487350463867,14067712,EleutherAI/pythia-14m,step111000,seed6,6,111000
He had a career dream.,dream,dream,He had a dream career., career dream, dream career,career,True,-16.670949935913086,-14.816150665283203,-1.8547992706298828,14067712,EleutherAI/pythia-14m,step111000,seed6,6,111000
It was a battery-powered drill.,drill,drill,It was a drill battery-powered., battery-powered drill, drill battery-powered,battery-powered,False,-26.592811584472656,-28.823726654052734,2.230915069580078,14067712,EleutherAI/pythia-14m,step111000,seed6,6,111000
It was a physical examination.,examination,examination,It was an examination physical., physical examination, examination physical,physical,False,-13.830619812011719,-19.557615280151367,5.726995468139648,14067712,EleutherAI/pythia-14m,step111000,seed6,6,111000
They had an enthusiastic fan.,fan,fan,They had an fan enthusiastic., enthusiastic fan, fan enthusiastic,enthusiastic,False,-16.080589294433594,-24.250417709350586,8.169828414916992,14067712,EleutherAI/pythia-14m,step111000,seed6,6,111000
She had a steel file.,file,file,She had a file steel., steel file, file steel,steel,True,-18.41179847717285,-23.243528366088867,4.831729888916016,14067712,EleutherAI/pythia-14m,step111000,seed6,6,111000
It was a plastic film.,film,film,It was a film plastic., plastic film, film plastic,plastic,False,-12.849899291992188,-20.742938995361328,7.893039703369141,14067712,EleutherAI/pythia-14m,step111000,seed6,6,111000
It was a concrete foundation.,foundation,foundation,It was a foundation concrete., concrete foundation, foundation concrete,concrete,False,-15.004135131835938,-19.74108123779297,4.736946105957031,14067712,EleutherAI/pythia-14m,step111000,seed6,6,111000
It was a business function.,function,function,It was a function business., business function, function business,business,True,-14.878507614135742,-17.453872680664062,2.5753650665283203,14067712,EleutherAI/pythia-14m,step111000,seed6,6,111000
He was on the parade ground.,ground,ground,He was on the ground parade., parade ground, ground parade,parade,True,-16.92510986328125,-16.573246002197266,-0.3518638610839844,14067712,EleutherAI/pythia-14m,step111000,seed6,6,111000
They liked the national guard.,guard,guard,They liked the guard national., national guard, guard national,national,False,-18.622037887573242,-21.871597290039062,3.2495594024658203,14067712,EleutherAI/pythia-14m,step111000,seed6,6,111000
He had a friendly guide.,guide,guide,He had a guide friendly., friendly guide, guide friendly,friendly,False,-15.908509254455566,-21.02525520324707,5.116745948791504,14067712,EleutherAI/pythia-14m,step111000,seed6,6,111000
It was a nursing home.,home,home,It was a home nursing., nursing home, home nursing,nursing,True,-13.152767181396484,-18.464351654052734,5.31158447265625,14067712,EleutherAI/pythia-14m,step111000,seed6,6,111000
They had military intelligence.,intelligence,intelligence,They had intelligence military., military intelligence, intelligence military,military,False,-15.085310935974121,-20.692211151123047,5.606900215148926,14067712,EleutherAI/pythia-14m,step111000,seed6,6,111000
It was a special issue.,issue,issue,It was an issue special., special issue, issue special,special,False,-12.268560409545898,-15.350778579711914,3.0822181701660156,14067712,EleutherAI/pythia-14m,step111000,seed6,6,111000
It was a paper jam.,jam,jam,It was a jam paper., paper jam, jam paper,paper,True,-19.268043518066406,-19.365163803100586,0.09712028503417969,14067712,EleutherAI/pythia-14m,step111000,seed6,6,111000
It was a backspace key.,key,key,It was a key backspace., backspace key, key backspace,backspace,True,-27.40457534790039,-25.60000991821289,-1.8045654296875,14067712,EleutherAI/pythia-14m,step111000,seed6,6,111000
They liked the friendly lamb.,lamb,lamb,They liked the lamb friendly., friendly lamb, lamb friendly,friendly,False,-19.37173080444336,-22.710262298583984,3.338531494140625,14067712,EleutherAI/pythia-14m,step111000,seed6,6,111000
She had door locks.,lock,locks,She had locks door., door locks, locks door,door,True,-17.896713256835938,-19.454946517944336,1.5582332611083984,14067712,EleutherAI/pythia-14m,step111000,seed6,6,111000
They liked the women's lunch.,lunch,lunch,They liked the lunch women's., women's lunch, lunch women's,women,True,-15.368764877319336,-20.221179962158203,4.852415084838867,14067712,EleutherAI/pythia-14m,step111000,seed6,6,111000
He liked the stock market.,market,market,He liked the market stock., stock market, market stock,stock,True,-14.899726867675781,-16.61795425415039,1.7182273864746094,14067712,EleutherAI/pythia-14m,step111000,seed6,6,111000
It was a tennis match.,match,match,It was a match tennis., tennis match, match tennis,tennis,True,-13.856378555297852,-20.274911880493164,6.4185333251953125,14067712,EleutherAI/pythia-14m,step111000,seed6,6,111000
It was veterinary medicine.,medicine,medicine,It was medicine veterinary., veterinary medicine, medicine veterinary,veterinary,False,-18.65932273864746,-26.93930435180664,8.27998161315918,14067712,EleutherAI/pythia-14m,step111000,seed6,6,111000
There was a clear message.,message,message,There was a message clear., clear message, message clear,clear,False,-14.251091957092285,-18.732343673706055,4.4812517166137695,14067712,EleutherAI/pythia-14m,step111000,seed6,6,111000
It was a clay mold.,mold,mold,It was a mold clay., clay mold, mold clay,clay,True,-21.000244140625,-22.72031021118164,1.7200660705566406,14067712,EleutherAI/pythia-14m,step111000,seed6,6,111000
She saw the fast mole.,mole,mole,She saw the mole fast., fast mole, mole fast,fast,False,-20.645389556884766,-19.661941528320312,-0.9834480285644531,14067712,EleutherAI/pythia-14m,step111000,seed6,6,111000
He liked the civil-rights movement.,movement,movement,He liked the movement civil-rights., civil-rights movement, movement civil-rights,civil-rights,False,-21.087554931640625,-30.3056640625,9.218109130859375,14067712,EleutherAI/pythia-14m,step111000,seed6,6,111000
It was a shredded newspaper.,newspaper,newspaper,It was a newspaper shredded., shredded newspaper, newspaper shredded,shredded,False,-20.71897315979004,-22.49472999572754,1.7757568359375,14067712,EleutherAI/pythia-14m,step111000,seed6,6,111000
It was a reddish orange.,orange,orange,It was an orange reddish., reddish orange, orange reddish,reddish,False,-18.342336654663086,-17.482528686523438,-0.8598079681396484,14067712,EleutherAI/pythia-14m,step111000,seed6,6,111000
He saw the ripped page.,page,page,He saw the page ripped., ripped page, page ripped,ripped,False,-23.04503631591797,-19.15247344970703,-3.8925628662109375,14067712,EleutherAI/pythia-14m,step111000,seed6,6,111000
It was a tree palm.,palm,palm,It was a palm tree., tree palm, palm tree,tree,True,-20.63162612915039,-15.248117446899414,-5.383508682250977,14067712,EleutherAI/pythia-14m,step111000,seed6,6,111000
It was a consumer panel.,panel,panel,It was a panel consumer., consumer panel, panel consumer,consumer,True,-19.76587677001953,-22.02246856689453,2.256591796875,14067712,EleutherAI/pythia-14m,step111000,seed6,6,111000
It was a biblical passage.,passage,passage,It was a passage biblical., biblical passage, passage biblical,biblical,False,-18.939733505249023,-24.21154022216797,5.271806716918945,14067712,EleutherAI/pythia-14m,step111000,seed6,6,111000
It was a secure perch.,perch,perch,It was a perch secure., secure perch, perch secure,secure,False,-24.035221099853516,-24.75705337524414,0.721832275390625,14067712,EleutherAI/pythia-14m,step111000,seed6,6,111000
He saw the plastic pitcher.,pitcher,pitcher,He saw the pitcher plastic., plastic pitcher, pitcher plastic,plastic,True,-20.128915786743164,-22.954402923583984,2.8254871368408203,14067712,EleutherAI/pythia-14m,step111000,seed6,6,111000
It was a sweet port.,port,port,It was a port sweet., sweet port, port sweet,sweet,False,-19.006717681884766,-22.679962158203125,3.6732444763183594,14067712,EleutherAI/pythia-14m,step111000,seed6,6,111000
He was in a yoga position.,position,position,He was in a position yoga., yoga position, position yoga,yoga,True,-17.547229766845703,-18.702220916748047,1.1549911499023438,14067712,EleutherAI/pythia-14m,step111000,seed6,6,111000
It was a challenging post.,post,post,It was a post challenging., challenging post, post challenging,challenging,False,-16.84927749633789,-17.981128692626953,1.1318511962890625,14067712,EleutherAI/pythia-14m,step111000,seed6,6,111000
He had the quickest punch.,punch,punch,He had the punch quickest., quickest punch, punch quickest,quickest,False,-20.523271560668945,-24.525558471679688,4.002286911010742,14067712,EleutherAI/pythia-14m,step111000,seed6,6,111000
She had a cloudy pupil.,pupil,pupil,She had a pupil cloudy., cloudy pupil, pupil cloudy,cloudy,False,-22.479328155517578,-23.996944427490234,1.5176162719726562,14067712,EleutherAI/pythia-14m,step111000,seed6,6,111000
That was a tennis racket.,racket,racket,That was a racket tennis., tennis racket, racket tennis,tennis,True,-18.426036834716797,-22.529722213745117,4.10368537902832,14067712,EleutherAI/pythia-14m,step111000,seed6,6,111000
He liked granite rock.,rock,rock,He liked rock granite., granite rock, rock granite,granite,True,-20.032926559448242,-21.98979949951172,1.9568729400634766,14067712,EleutherAI/pythia-14m,step111000,seed6,6,111000
He saw the bushy sage.,sage,sage,He saw the sage bushy., bushy sage, sage bushy,bushy,False,-27.461181640625,-29.966733932495117,2.505552291870117,14067712,EleutherAI/pythia-14m,step111000,seed6,6,111000
It was a major scale.,scale,scale,It was a scale major., major scale, scale major,major,False,-14.653421401977539,-21.472915649414062,6.819494247436523,14067712,EleutherAI/pythia-14m,step111000,seed6,6,111000
It was a panoramic scene.,scene,scene,It was a scene panoramic., panoramic scene, scene panoramic,panoramic,False,-18.571876525878906,-25.012840270996094,6.4409637451171875,14067712,EleutherAI/pythia-14m,step111000,seed6,6,111000
It was a trained seal.,seal,seal,It was a seal trained., trained seal, seal trained,trained,False,-22.160493850708008,-22.848548889160156,0.6880550384521484,14067712,EleutherAI/pythia-14m,step111000,seed6,6,111000
He used the video tape.,tape,tape,He used the tape video., video tape, tape video,video,True,-11.989520072937012,-14.259886741638184,2.270366668701172,14067712,EleutherAI/pythia-14m,step111000,seed6,6,111000
It was a technical term.,term,term,It was a term technical., technical term, term technical,technical,False,-17.76702308654785,-20.37761116027832,2.6105880737304688,14067712,EleutherAI/pythia-14m,step111000,seed6,6,111000
It was a diseased tick.,tick,tick,It was a tick diseased., diseased tick, tick diseased,diseased,False,-22.844669342041016,-25.761539459228516,2.9168701171875,14067712,EleutherAI/pythia-14m,step111000,seed6,6,111000
It was a finger tip.,tip,tip,It was a tip finger., finger tip, tip finger,finger,True,-20.735647201538086,-20.814743041992188,0.07909584045410156,14067712,EleutherAI/pythia-14m,step111000,seed6,6,111000
She liked the professional title.,title,title,She liked the title professional., professional title, title professional,professional,False,-15.958182334899902,-18.29126739501953,2.333085060119629,14067712,EleutherAI/pythia-14m,step111000,seed6,6,111000
It was a bell toll.,toll,toll,It was a toll bell., bell toll, toll bell,bell,True,-21.881484985351562,-23.388389587402344,1.5069046020507812,14067712,EleutherAI/pythia-14m,step111000,seed6,6,111000
She saw the snowshoe tracks.,track,tracks,She saw the tracks snowshoe., snowshoe tracks, tracks snowshoe,snowshoe,True,-29.025962829589844,-31.974449157714844,2.948486328125,14067712,EleutherAI/pythia-14m,step111000,seed6,6,111000
They were cluttered yards.,yard,yards,They were yards cluttered., cluttered yards, yards cluttered,cluttered,False,-24.32245635986328,-27.788013458251953,3.465557098388672,14067712,EleutherAI/pythia-14m,step111000,seed6,6,111000
